<?xml version="1.0" encoding="UTF-8" ?>
<Config>
    <RtspHeartBeatErrorTimes>3</RtspHeartBeatErrorTimes>
    <RtspHeartBeatInterval>3000</RtspHeartBeatInterval>
    <RtspHeartBeatSocketWaittime>1500</RtspHeartBeatSocketWaittime>
    <MaxShowWnd>49</MaxShowWnd>
    <SaveFilePath>D:\CMS Files\</SaveFilePath>
    <BackupPath>D:\CMS Files\</BackupPath>
    <HasModifiyPwd>0</HasModifiyPwd>
    <ReserveSize>1024</ReserveSize>
    <RecFileSize>60</RecFileSize>
    <Quality>1</Quality>
    <RenderMode>0</RenderMode>
    <VedioRoute>0</VedioRoute>
    <GetUpdateInfo>1</GetUpdateInfo>
    <Password>123</Password>
    <RtspPassword>123</RtspPassword>
    <SupportRtsp>1</SupportRtsp>
    <AutoConnect>0</AutoConnect>
    <AutoRecord>0</AutoRecord>
    <CycleRecord>0</CycleRecord>
    <WSTYPE>0</WSTYPE>
    <AlarmEnable>1</AlarmEnable>
    <AlarmVideo>0</AlarmVideo>
    <AlarmBuzzer>2</AlarmBuzzer>
    <CusID>CvOv8mxnC+8=</CusID>
    <CusCRC>-1198372910</CusCRC>
    <WsID>KqF1GGbg87U=</WsID>
    <WsCRC>1454294126</WsCRC>
    <Feature>3cd678ddefe7d0bb337fef6dd2583e10</Feature>
    <SptNReg>1</SptNReg>
    <Binded>1</Binded>
    <SharedDevUpgFlag>0</SharedDevUpgFlag>
    <VersionInfo>1.00.00.48</VersionInfo>
    <UserName>admin</UserName>
    <UserPhone>0931435998</UserPhone>
    <UserMail></UserMail>
    <WndColDefault>1</WndColDefault>
    <EnLocalNullPwd>1</EnLocalNullPwd>
    <DefLocalPwd>00000000</DefLocalPwd>
    <LanguageCount>9</LanguageCount>
    <LanguageSelect>1</LanguageSelect>
    <Language0>English</Language0>
    <Language1>VietNam</Language1>
    <Language2>Traditional</Language2>
    <Language3>Korean</Language3>
    <Language4>Thai</Language4>
    <Language5>Portuguese</Language5>
    <Language6>German</Language6>
    <Language7>Polish</Language7>
    <Language8>Russian</Language8>
    <CountryCodeCont>9</CountryCodeCont>
    <CountryCodeSelect>1</CountryCodeSelect>
    <CountryCode0>+1</CountryCode0>
    <CountryCode1>+84</CountryCode1>
    <CountryCode2>+886</CountryCode2>
    <CountryCode3>+82</CountryCode3>
    <CountryCode4>+66</CountryCode4>
    <CountryCode5>+351</CountryCode5>
    <CountryCode6>+349</CountryCode6>
    <CountryCode7>+48</CountryCode7>
    <CountryCode8>+7</CountryCode8>
    <LoginType>0</LoginType>
    <RecvPushMesg>1</RecvPushMesg>
    <TipsForMesg>0</TipsForMesg>
    <shareMesgId>405</shareMesgId>
</Config>
